department_name,total_promises,fulfilled_promises,overdue_promises,escalated_promises,average_risk_score,fulfillment_rate,overdue_rate
Product,15,9,1,1,0.2964,0.6,0.06666666666666667
Finance,15,7,2,1,0.3599333333333333,0.4666666666666667,0.13333333333333333
Operations,15,7,3,0,0.40086666666666665,0.4666666666666667,0.2
Human Resources,15,7,2,1,0.483,0.4666666666666667,0.13333333333333333
Sales,15,6,2,1,0.37266666666666665,0.4,0.13333333333333333
Engineering,15,6,3,1,0.4312666666666667,0.4,0.2
Customer Success,15,5,6,0,0.42373333333333335,0.3333333333333333,0.4
Legal,15,5,4,0,0.4424,0.3333333333333333,0.26666666666666666
